timestamp,area_id,co2_emissions,water_usage,waste_generated
2024-01-01 00:00:00,3,517.087798788858,226.03482578797596,28.847996428971165
2024-01-01 01:00:00,4,593.8085419607943,231.23022393453707,25.378834278658477
2024-01-01 02:00:00,1,547.5211919093025,200.64008298131535,34.450992055623935
2024-01-01 03:00:00,3,471.15481721687985,184.93164259307633,35.17624667361876
2024-01-01 04:00:00,3,455.07926643258213,209.19944285878233,20.76906068880953
2024-01-01 05:00:00,4,524.5959585753253,186.44569260495788,25.35244569903795
2024-01-01 06:00:00,1,433.9883396489679,240.26774495053246,22.517353724549604
2024-01-01 07:00:00,1,591.5729382927177,202.73070662165475,26.74988032796551
2024-01-01 08:00:00,3,558.9720060360644,192.69356897375783,29.582810151048196
2024-01-01 09:00:00,2,476.5412173947648,203.69360611729817,22.75177390150735
2024-01-01 10:00:00,3,414.3432735454561,173.05747420940608,25.390700934373434
2024-01-01 11:00:00,3,567.6936187082706,180.56771922978697,24.980213139592507
2024-01-01 12:00:00,3,494.2730077373691,224.00827815888852,31.03633664699472
2024-01-01 13:00:00,3,561.890815598673,186.86211442057208,30.34672168518125
2024-01-01 14:00:00,4,420.27861706028165,179.06178034636122,26.391312233313734
2024-01-01 15:00:00,1,470.03124885231136,210.73305505054572,30.88410436069699
2024-01-01 16:00:00,4,500.26218498590913,223.71408309325994,27.266599577063673
2024-01-01 17:00:00,4,502.3490296882371,214.37906621330134,28.641724448369732
2024-01-01 18:00:00,4,477.4967264260378,219.92095371611632,38.36726045149268
2024-01-01 19:00:00,3,531.142496617375,184.86409822861077,36.70230525895174
2024-01-01 20:00:00,2,446.61897853087027,171.56378666516312,23.502093815362013
2024-01-01 21:00:00,1,492.8810257489353,230.02667303910974,34.14866208939587
2024-01-01 22:00:00,2,506.01478158559496,193.54640322315728,34.05698277245796
2024-01-01 23:00:00,4,525.7219417029374,194.98333967089906,24.25868355623691
2024-01-02 00:00:00,4,535.5807439044445,226.56388283698115,34.0938882187743
2024-01-02 01:00:00,2,443.76789540810654,211.1246001880132,37.68965959206277
2024-01-02 02:00:00,2,423.2942914632189,209.11775544163214,24.38727596877793
2024-01-02 03:00:00,2,563.8838410949254,243.30004689802166,25.412485894928682
2024-01-02 04:00:00,4,516.6157005989796,187.12963539239715,35.08830733421751
2024-01-02 05:00:00,4,462.5756731721723,218.55680256162475,31.35747655412824
2024-01-02 06:00:00,1,577.5575987761262,201.14026249794168,32.757381376197614
2024-01-02 07:00:00,1,505.78373171464295,205.37184557726513,31.702946082002484
2024-01-02 08:00:00,4,558.9648592031913,230.56936852825064,31.95347960464072
2024-01-02 09:00:00,2,503.37592407050545,210.1567151257925,23.367639358444585
2024-01-02 10:00:00,2,603.0373962440993,210.76592158099265,35.23658853310724
2024-01-02 11:00:00,1,587.7670421221602,221.45014674619605,35.84794996213887
2024-01-02 12:00:00,4,487.5517925760463,192.7009454091423,28.85304627965986
2024-01-02 13:00:00,1,548.5785475477178,183.2158066532199,29.78261525093069
2024-01-02 14:00:00,1,532.2687974792574,179.10381611957934,22.34446248722139
2024-01-02 15:00:00,3,568.4315778766174,160.67286821247995,32.57127378008917
2024-01-02 16:00:00,3,451.7538269709948,241.12414259880643,32.86028720857072
2024-01-02 17:00:00,3,534.302572999922,177.93583268556634,29.689044915003446
2024-01-02 18:00:00,2,552.9212243424794,195.57492752828455,35.621766799352514
2024-01-02 19:00:00,4,412.06302567884427,194.4637340022216,28.329613845100297
2024-01-02 20:00:00,4,440.83707436671125,206.14813395618202,32.823029629468
2024-01-02 21:00:00,4,398.038391111995,216.31474425078594,24.901678306539424
2024-01-02 22:00:00,4,486.5296582777721,217.20946976719492,29.88223924562881
2024-01-02 23:00:00,3,535.8771127897982,188.33845122862124,29.12822871048582
2024-01-03 00:00:00,2,575.1178526048014,196.65756572427176,31.12653961020471
2024-01-03 01:00:00,2,503.70473902098877,205.651599009766,28.152365355833208
2024-01-03 02:00:00,3,581.4307772785646,195.02617747632905,29.34263702164166
2024-01-03 03:00:00,2,430.99492708925544,232.14691152039984,34.13023585720753
2024-01-03 04:00:00,3,414.83087803224225,209.81949903276504,27.81617881380891
2024-01-03 05:00:00,4,497.22261505516906,214.69755572099635,21.967114496306603
2024-01-03 06:00:00,3,519.2032724469653,213.25762537334825,38.7479195210271
2024-01-03 07:00:00,4,498.36526259529535,223.4694771497065,36.907270393452436
2024-01-03 08:00:00,4,396.6278949980062,203.62043117407413,23.538686524471906
2024-01-03 09:00:00,1,495.5439980243606,174.06336104088308,33.44853902622597
2024-01-03 10:00:00,3,434.7765249747573,207.99375903505285,27.485126147243285
2024-01-03 11:00:00,1,533.4836274415019,186.9728621241634,31.317436076655298
2024-01-03 12:00:00,3,518.3299123048424,189.42766636500485,31.47112064506747
2024-01-03 13:00:00,3,453.0060106836322,211.72728037510186,28.82796099841839
2024-01-03 14:00:00,1,474.30665413316535,224.76566142867273,26.081171672068017
2024-01-03 15:00:00,1,447.0393239055524,200.42543153472124,26.547294738418703
2024-01-03 16:00:00,3,496.8660451363414,206.17666025197929,25.41904042259379
2024-01-03 17:00:00,2,547.7571160250619,234.04429889270477,25.840888958847778
2024-01-03 18:00:00,4,450.7136976832228,204.81506358977137,29.664108549753223
2024-01-03 19:00:00,1,525.2023257758922,252.0336622836079,26.421200054446242
2024-01-03 20:00:00,4,473.48711908137795,211.3101929126309,33.4102603285631
2024-01-03 21:00:00,2,460.3563583868828,164.78474481688363,37.436230776679636
2024-01-03 22:00:00,2,494.6484820022721,215.06683242209064,27.099733793149785
2024-01-03 23:00:00,2,448.2378838790313,207.62316769765556,31.197022502676884
2024-01-04 00:00:00,1,472.3175347326409,225.7950550816549,32.49842555151467
2024-01-04 01:00:00,2,440.1061053705576,213.46362702539918,32.360011354596374
2024-01-04 02:00:00,1,598.2362566458195,197.23088032032453,30.379776339580438
2024-01-04 03:00:00,2,501.7631775985864,175.5140352742127,33.71341209179861
2024-01-04 04:00:00,4,465.0137246003707,195.81953485427948,32.41124476340329
2024-01-04 05:00:00,4,510.6989955367111,182.989590915814,23.81168788836351
2024-01-04 06:00:00,3,494.3835975154585,188.38953100390555,34.345780321946364
2024-01-04 07:00:00,4,488.95152002333884,211.77156808841218,34.43645418633371
2024-01-04 08:00:00,3,530.7083350021712,233.39809008702812,26.183569479107092
2024-01-04 09:00:00,4,537.8753855023652,207.8934305964596,30.18968917723801
2024-01-04 10:00:00,1,473.4749426194736,176.0823387592963,33.416644964055344
2024-01-04 11:00:00,4,471.209087967766,208.8920533644028,28.953430902103193
2024-01-04 12:00:00,3,486.2474151424178,223.93262973291303,35.36489023883006
2024-01-04 13:00:00,3,384.90394176322076,187.80434191361235,41.8193624730968
2024-01-04 14:00:00,2,424.2404468900724,197.31965666654165,26.070069836825088
2024-01-04 15:00:00,1,568.3437133722263,200.29376389458395,23.094776984231125
2024-01-04 16:00:00,4,582.2483856750641,184.3020337383552,31.51909297802438
2024-01-04 17:00:00,2,487.5481980221811,212.9656086768772,33.60781252563072
2024-01-04 18:00:00,4,528.8278481527883,197.58103702784436,28.845668130776154
2024-01-04 19:00:00,4,515.5625077271768,208.39064887814055,37.266303316605175
2024-01-04 20:00:00,2,653.9440404227619,182.250156443958,23.306971001383758
2024-01-04 21:00:00,2,555.9787455717288,191.25083399353178,33.46459311515805
2024-01-04 22:00:00,2,493.6041204259617,214.44762715655543,26.970695896205534
2024-01-04 23:00:00,2,452.22297796997873,192.54333695816467,38.59688953103648
2024-01-05 00:00:00,2,419.6776839871214,234.5392770246681,39.962576765840595
2024-01-05 01:00:00,4,510.17318179336115,192.00727628770795,26.16671706108326
2024-01-05 02:00:00,2,462.18246273578484,204.49369451503773,27.2522143204571
2024-01-05 03:00:00,1,428.8873145201163,218.6518166374618,34.29793943489901
2024-01-05 04:00:00,3,467.67135578787367,171.63268534133937,28.064346751052426
2024-01-05 05:00:00,2,445.92259981928026,164.78382376038448,29.77294391033881
2024-01-05 06:00:00,2,584.3570817536282,169.4868737085981,30.12694210271205
2024-01-05 07:00:00,4,544.0819878474725,225.25168206854363,20.40163421901172
2024-01-05 08:00:00,2,499.6013679341691,188.96283708215105,29.930811269528814
2024-01-05 09:00:00,2,573.9972069445013,251.16398571336504,26.55136112967913
2024-01-05 10:00:00,2,503.86841538238093,188.71504802685223,27.53438588800114
2024-01-05 11:00:00,4,456.9357899335868,203.69102606394074,37.21816001734407
2024-01-05 12:00:00,2,576.1562038634829,230.8421990513575,23.717465528603718
2024-01-05 13:00:00,3,526.945502184233,240.12185776318245,34.06602593373989
2024-01-05 14:00:00,4,448.1376922836772,241.23007153272795,28.605185348340957
2024-01-05 15:00:00,3,490.4830660958196,224.16732461186285,28.601199157520828
2024-01-05 16:00:00,4,456.21908733076214,220.48125051622924,33.951859480258555
2024-01-05 17:00:00,2,430.8600134517832,211.85053898402367,31.70025647284445
2024-01-05 18:00:00,3,546.308877376582,215.56722152333276,32.85306498609766
2024-01-05 19:00:00,4,595.4708320235065,188.97628567342935,34.84092330266431
2024-01-05 20:00:00,1,430.07162130904294,183.63602233155385,28.343458084083387
2024-01-05 21:00:00,2,528.1484618345286,199.93251085178096,26.938816327461247
2024-01-05 22:00:00,4,467.46787154390864,196.59630754950143,24.574247367211008
2024-01-05 23:00:00,1,475.6437308117652,190.9354390134545,25.872947350105225
2024-01-06 00:00:00,4,470.38030378805655,213.9277489491343,44.745472126543625
2024-01-06 01:00:00,1,456.8004615160092,219.1061041714102,36.22339790368393
2024-01-06 02:00:00,2,502.4260813972414,201.76813772583694,23.244628168959892
2024-01-06 03:00:00,3,458.4524941794481,229.55060162110524,23.38771021628215
2024-01-06 04:00:00,1,513.5228412889919,177.1662177173299,32.40933030859246
2024-01-06 05:00:00,4,497.4880945275431,196.12681081440564,32.736323986889836
2024-01-06 06:00:00,2,488.0525976566795,185.6635535879439,32.744419176586824
2024-01-06 07:00:00,1,454.6218168979201,162.66926765853879,28.72522103223151
2024-01-06 08:00:00,4,471.16143347158334,198.34638628314602,29.372728699985498
2024-01-06 09:00:00,4,537.7695612912878,197.56504983233432,31.639397620796785
2024-01-06 10:00:00,4,525.0458593812191,230.26899486484263,30.429465031466652
2024-01-06 11:00:00,1,451.12223776007244,212.61623369109554,18.903498136262325
2024-01-06 12:00:00,1,504.9666152714613,179.5162635134159,28.85100184712403
2024-01-06 13:00:00,1,537.5693561685895,237.08185132668376,25.742967828698433
2024-01-06 14:00:00,3,416.5297359439314,224.42067391050705,30.87605709454256
2024-01-06 15:00:00,1,527.1680096189967,211.6419540693723,44.926295013017054
2024-01-06 16:00:00,1,466.86881205270765,195.47031802300336,31.83740832737152
2024-01-06 17:00:00,1,528.529933429658,180.8112152655304,28.43235156913801
2024-01-06 18:00:00,3,461.83704217287413,192.55586447857894,34.60900750988626
2024-01-06 19:00:00,1,409.75589496677406,221.7749723940837,32.41343943604606
2024-01-06 20:00:00,4,418.6228781058419,237.69172611869217,32.100472452259204
2024-01-06 21:00:00,1,502.4042473330691,230.86487056544377,33.034252966078355
2024-01-06 22:00:00,4,512.9861250860741,190.22301156427451,40.28271782414771
2024-01-06 23:00:00,4,454.78416874477955,177.60765133421978,24.34555782337042
2024-01-07 00:00:00,4,531.9296229388686,202.81772493822407,32.36816038405727
2024-01-07 01:00:00,3,416.923996886552,164.63121268874298,25.368094350092306
2024-01-07 02:00:00,3,496.6960100676342,206.46335428369562,32.77756323171124
2024-01-07 03:00:00,3,439.44919001187714,197.04794827402662,25.40656744256953
2024-01-07 04:00:00,1,467.40819460989206,190.67926996263515,27.91316593197458
2024-01-07 05:00:00,4,502.3699335658207,168.1059386546641,28.524550428810468
2024-01-07 06:00:00,3,456.97933173580236,210.27200213139434,34.87908359672355
2024-01-07 07:00:00,3,480.7722227885087,189.3459832067618,34.59227221971207
2024-01-07 08:00:00,1,550.314640460722,176.60166328579425,23.771413117768077
2024-01-07 09:00:00,3,471.15540652384254,142.554755734367,30.274670554999243
2024-01-07 10:00:00,1,541.7846056032571,199.44970189898729,26.452100726254137
2024-01-07 11:00:00,2,443.5146572671191,235.4450319333949,23.707475446623327
2024-01-07 12:00:00,3,526.4902088957641,233.2251842909574,28.914914747878147
2024-01-07 13:00:00,2,572.078431032895,190.85807486827457,28.457586057720903
2024-01-07 14:00:00,1,376.41777499363553,187.95575879276439,42.13358243172761
2024-01-07 15:00:00,4,460.1552372264762,209.37548512150047,32.16479912680348
2024-01-07 16:00:00,3,528.853606359027,180.03229121623417,23.111912496228815
2024-01-07 17:00:00,1,489.84773069785035,206.03583799638932,27.176129979145287
2024-01-07 18:00:00,4,518.5572936685654,215.3216055676938,35.106916477146996
2024-01-07 19:00:00,4,469.80074066420894,224.53866447768615,40.442213864349625
2024-01-07 20:00:00,2,504.329489373645,197.99691847040094,22.070083438810208
2024-01-07 21:00:00,1,492.21613823039604,195.92652499646067,20.600378074304775
2024-01-07 22:00:00,4,558.3891030829903,182.4403482648688,39.35482587685891
2024-01-07 23:00:00,3,512.7210421650607,183.46239291920278,31.94807088685452
2024-01-08 00:00:00,3,516.8801331037602,195.47042216196945,25.65853634061817
2024-01-08 01:00:00,2,479.4061516938766,207.34731013632356,32.67314543061217
2024-01-08 02:00:00,4,475.6196887963753,218.27169252466499,16.82126130491561
2024-01-08 03:00:00,1,478.372090609019,183.9364209863931,30.016877532985806
2024-01-08 04:00:00,3,519.7226071189149,229.85377137919045,31.639105864215427
2024-01-08 05:00:00,4,478.95077595898687,194.5775279791486,34.62135069768915
2024-01-08 06:00:00,4,514.4887428448206,199.5726541130313,24.930520238537312
2024-01-08 07:00:00,2,603.770039932272,185.05576641704354,30.428435807016797
2024-01-08 08:00:00,3,543.5562351715846,151.51519479454117,25.37287686970206
2024-01-08 09:00:00,3,483.69882339160796,217.680907927221,31.276918778371584
2024-01-08 10:00:00,1,560.0606961081972,214.73687794184866,25.52326838818488
2024-01-08 11:00:00,3,479.5962313489224,194.37344885763574,27.959495804198898
2024-01-08 12:00:00,1,398.09377324110733,201.33981434449743,25.020923026048855
2024-01-08 13:00:00,3,449.5956844541298,210.318784354082,33.255681209118286
2024-01-08 14:00:00,2,406.4604039487072,168.74908286226915,34.29225558328333
2024-01-08 15:00:00,3,482.42432579793456,189.4189464530741,28.826897150212933
2024-01-08 16:00:00,1,500.9209189594776,215.88529359243654,30.191189974800142
2024-01-08 17:00:00,1,583.8218656137641,174.91421153661503,22.75704292683228
2024-01-08 18:00:00,2,516.3463686882081,205.8711586433326,28.501616759966065
2024-01-08 19:00:00,3,489.0449735595568,172.8683639075319,29.748976914791275
2024-01-08 20:00:00,3,541.4702790591745,209.32859964867052,43.103965455149876
2024-01-08 21:00:00,2,389.44323454960573,199.28717035405032,24.440164871129184
2024-01-08 22:00:00,3,511.7807279054283,167.6973636818898,37.320886193762185
2024-01-08 23:00:00,3,538.5432596943483,223.29478708914343,34.98429386732904
2024-01-09 00:00:00,1,426.0706877110079,185.30816846403903,31.403182022450682
2024-01-09 01:00:00,3,557.1877021603465,183.79495125971238,38.79310242097567
2024-01-09 02:00:00,3,516.9248203747208,204.01138394461887,31.860527363034315
2024-01-09 03:00:00,2,479.2356043049599,222.9727469885743,31.945795978339643
2024-01-09 04:00:00,2,531.6390933053142,179.68356362043207,29.734396734912274
2024-01-09 05:00:00,4,613.5346428902199,201.23359699695942,36.117844412093135
2024-01-09 06:00:00,1,509.09331275292476,208.57633000661147,35.482346169054416
2024-01-09 07:00:00,3,512.4110293150168,213.86211214526287,26.871613562518938
2024-01-09 08:00:00,3,477.0319550229878,203.5288311055445,23.40376402700616
2024-01-09 09:00:00,4,457.5077815267604,192.65944321833356,28.985096813021716
2024-01-09 10:00:00,3,541.5167908272123,183.4481955870256,25.999807178011768
2024-01-09 11:00:00,1,457.1958087045566,201.7228776609275,29.682377126923225
2024-01-09 12:00:00,4,503.5783118609696,178.55721976028786,36.187190673420695
2024-01-09 13:00:00,1,476.1171276617442,141.57299033010787,27.71349172456605
2024-01-09 14:00:00,4,523.9489912873196,208.73119608315335,29.785883093442127
2024-01-09 15:00:00,4,516.6831052643474,218.0786968217239,30.290113674041976
2024-01-09 16:00:00,2,551.8769972128949,152.74135128916322,34.24215441102642
2024-01-09 17:00:00,1,474.49918005726266,179.80538590580124,18.765553330076976
2024-01-09 18:00:00,3,486.5062532353314,212.38308522010396,26.966498526173517
2024-01-09 19:00:00,3,451.0618142108846,241.149909394234,31.056418461397364
2024-01-09 20:00:00,1,477.7853369961944,200.41587415350816,36.00039478213431
2024-01-09 21:00:00,3,518.8650246522426,185.43994117541732,27.540487762468974
2024-01-09 22:00:00,3,537.8494308322676,196.3420711779032,20.61723646979063
2024-01-09 23:00:00,1,453.8917337911187,227.4975283829637,33.09855722983068
2024-01-10 00:00:00,4,543.480296005283,187.08071641750928,26.823188055871853
2024-01-10 01:00:00,1,567.7818929402475,184.01615986699494,24.051666704548193
2024-01-10 02:00:00,4,520.6717451611851,190.34512955635935,26.87827305143388
2024-01-10 03:00:00,3,593.8397906279033,180.93342783482575,29.07737321172075
2024-01-10 04:00:00,3,461.3105400448213,202.45340631989592,26.976276677308938
2024-01-10 05:00:00,3,437.76726483442917,232.4935691693912,18.972169714504652
2024-01-10 06:00:00,2,411.0639875547861,206.46158546232058,34.48533098443566
2024-01-10 07:00:00,4,574.8022155744592,194.95292995747425,36.37437520639361
2024-01-10 08:00:00,2,532.7182828177029,194.16377462168913,33.25760995669753
2024-01-10 09:00:00,2,497.22076645447726,168.73618382606685,24.311571647875915
2024-01-10 10:00:00,1,513.9984313159911,217.66219554294318,28.99254233026241
2024-01-10 11:00:00,2,443.72554763508117,198.44325605974396,29.96739342385271
2024-01-10 12:00:00,1,622.2875989808413,196.3904017281875,32.99397194780955
2024-01-10 13:00:00,1,506.4610590987614,263.86215135689724,33.34170244359041
2024-01-10 14:00:00,2,505.46973973024467,205.97505816731373,26.32913100610752
2024-01-10 15:00:00,4,536.2883311949346,184.96417899809632,30.409977782067802
2024-01-10 16:00:00,4,524.0504615868357,191.47284807588915,32.28640202307621
2024-01-10 17:00:00,4,511.19420121395655,222.9689141839351,37.279111610733835
2024-01-10 18:00:00,4,460.4762772277344,202.26540821075528,33.522532699123616
2024-01-10 19:00:00,4,523.5734178567998,171.23444043365265,33.945283436877595
2024-01-10 20:00:00,2,594.1012248237516,218.38457869150406,30.419133139646803
2024-01-10 21:00:00,2,567.2710023077489,186.63711828922013,37.05229572601752
2024-01-10 22:00:00,3,579.6593313319698,237.4659555243509,32.04881397979749
2024-01-10 23:00:00,4,474.43921617844074,221.60096131429296,25.694560449132148
2024-01-11 00:00:00,2,450.519758987071,191.05356208682497,37.01684985062595
2024-01-11 01:00:00,3,493.7106539950176,225.62032723470224,33.48951636269514
2024-01-11 02:00:00,4,502.78624561443473,201.35711021054806,27.784779894357587
2024-01-11 03:00:00,1,554.7095759235474,217.05547350244439,27.602535163003783
2024-01-11 04:00:00,3,415.376768514259,209.69465634588948,31.48287772570381
2024-01-11 05:00:00,2,576.4775159730307,183.07286690018253,32.31592397633792
2024-01-11 06:00:00,1,492.0996050710505,187.12900335365077,30.986461328156032
2024-01-11 07:00:00,1,478.655946502629,220.59921635162323,31.556543367214424
2024-01-11 08:00:00,1,449.3947812369916,193.30449335786918,38.4997868728819
2024-01-11 09:00:00,3,417.2571664067115,191.92703073516006,35.35771576117443
2024-01-11 10:00:00,2,541.1585291980957,180.89754841301294,30.95317795632512
2024-01-11 11:00:00,1,503.66589835942017,208.47198131186923,34.70655290383742
2024-01-11 12:00:00,4,435.5019550129473,241.2504983848629,24.837380482362303
2024-01-11 13:00:00,1,435.2460613968192,178.64934171491456,31.989635249734043
2024-01-11 14:00:00,1,483.2107650354936,200.48438913345515,39.04653174866555
2024-01-11 15:00:00,3,583.4510762644696,228.24441110830858,28.90977052303813
2024-01-11 16:00:00,3,487.02043243181976,198.4071721750857,25.761830356904575
2024-01-11 17:00:00,2,424.8428523440947,209.0474359249947,26.7395555570347
2024-01-11 18:00:00,4,487.7128467957028,178.75212943706242,24.55183481328806
2024-01-11 19:00:00,3,486.3638215126165,208.56614194415297,26.076190459361484
2024-01-11 20:00:00,1,365.1556678529214,196.25711469990904,28.147459507049856
2024-01-11 21:00:00,2,497.2852566741094,219.71459991359725,22.97216490410679
2024-01-11 22:00:00,1,488.45327348956613,223.74772103129501,30.078091669748016
2024-01-11 23:00:00,1,534.8103182406709,251.79127284037227,34.51138586893324
2024-01-12 00:00:00,3,592.4478047472672,211.5926634642715,25.4612190992654
2024-01-12 01:00:00,2,556.3282514773879,206.51592633164333,37.59641961820884
2024-01-12 02:00:00,4,486.5555654722585,203.8876860315467,32.55396044263797
2024-01-12 03:00:00,4,444.6737045629165,192.93667414378623,35.152902928120284
2024-01-12 04:00:00,3,628.667990162493,206.76967686923382,26.710827230739316
2024-01-12 05:00:00,3,502.96092170072444,194.0919717972194,34.27262613533308
2024-01-12 06:00:00,2,500.6964645956473,203.36921952539228,24.540330498023437
2024-01-12 07:00:00,4,498.79374564449984,226.35195071215918,34.451237504182544
2024-01-12 08:00:00,4,509.90423803839275,179.8691486944072,30.859196698967658
2024-01-12 09:00:00,4,492.7819794038029,222.7975712225809,32.76625609992392
2024-01-12 10:00:00,1,471.3168996559882,226.3423013467973,24.12202697187574
2024-01-12 11:00:00,4,472.6570529379804,197.63862946017844,25.524650788616977
2024-01-12 12:00:00,1,498.36233648920006,157.5629020198281,32.98614109126692
2024-01-12 13:00:00,2,472.82876144331175,187.84356025811135,25.258259978878996
2024-01-12 14:00:00,1,464.35771086614176,225.93989093122218,32.316031460495616
2024-01-12 15:00:00,2,505.3215113845948,199.54263875402236,23.16431096769877
2024-01-12 16:00:00,4,487.2511391289572,180.0139553541018,34.240871063333344
2024-01-12 17:00:00,4,575.1996494291344,189.90450157543566,23.837383426157455
2024-01-12 18:00:00,2,367.4515095803494,216.81240053009105,32.76149968839761
2024-01-12 19:00:00,3,554.575342596123,210.9346713640276,33.12815466823
2024-01-12 20:00:00,2,562.3042596248814,195.2213580166061,26.516140907852126
2024-01-12 21:00:00,3,396.3304883795925,192.66351176370625,32.91013283542363
2024-01-12 22:00:00,1,482.8656202959826,192.16483701912355,31.30221131666778
2024-01-12 23:00:00,1,481.4279567002104,181.55179631002994,27.30579071903631
2024-01-13 00:00:00,1,429.62441526410896,232.30751378938885,24.95722657961896
2024-01-13 01:00:00,4,461.1091656204562,193.5535906157732,20.186871541637103
2024-01-13 02:00:00,1,444.47120772670854,224.34317041650993,31.748250236498468
2024-01-13 03:00:00,3,587.6135221711811,230.42632103844903,22.175986143189725
2024-01-13 04:00:00,1,546.7839196573731,219.9662179629592,30.47672099720654
2024-01-13 05:00:00,2,563.577754749708,191.36759374563903,28.682758919588753
2024-01-13 06:00:00,2,536.0836032021617,208.07460180673218,33.39571387719098
2024-01-13 07:00:00,4,443.54741143913856,199.51608787218169,28.48977250255068
2024-01-13 08:00:00,2,473.7739866860113,181.92596278539745,28.35276106826454
2024-01-13 09:00:00,3,524.468728061396,206.48718563443205,33.659353521441474
2024-01-13 10:00:00,1,438.89360955540275,176.41920417680396,31.675290145420586
2024-01-13 11:00:00,4,535.6499215086194,223.75358776923127,31.58077978591389
2024-01-13 12:00:00,1,487.98373009209325,190.70765405403213,32.346337949042635
2024-01-13 13:00:00,1,481.25895962252014,204.0231931174568,22.32213938396447
2024-01-13 14:00:00,3,535.5479984101746,205.66575743092284,33.78394339993491
2024-01-13 15:00:00,2,522.213165574302,194.82190052591847,33.062343970068014
2024-01-13 16:00:00,2,481.95169170904603,211.7338760295055,24.916584357117515
2024-01-13 17:00:00,1,557.9664901682124,190.5019268675495,28.779597631628995
2024-01-13 18:00:00,4,445.9468336200051,217.42594594914488,29.803463561861843
2024-01-13 19:00:00,2,530.7967803472131,173.08040639506504,29.327516077991337
2024-01-13 20:00:00,4,529.6550628984191,202.52759159092824,31.669299832842672
2024-01-13 21:00:00,2,484.5226780343005,238.7785799811657,37.15683390915592
2024-01-13 22:00:00,4,516.3066511121059,179.99337350788852,35.40883363836414
2024-01-13 23:00:00,3,437.44432118073485,186.44510058950297,23.43890403284297
2024-01-14 00:00:00,4,546.201350960345,210.2781569931783,33.110349951530246
2024-01-14 01:00:00,3,490.75489317785053,203.59163563879196,36.644666597677045
2024-01-14 02:00:00,3,473.86384897404804,207.01260198547118,31.934042603446013
2024-01-14 03:00:00,4,552.4504612918445,209.78374260295328,35.454902125929834
2024-01-14 04:00:00,3,464.782815472862,212.6944293712354,40.06135222850382
2024-01-14 05:00:00,1,429.576935181822,222.19399683912445,35.11854773053491
2024-01-14 06:00:00,3,422.1685413238048,208.19637313857027,31.246542978208645
2024-01-14 07:00:00,2,530.300497567282,195.17484690762916,35.225442370423764
2024-01-14 08:00:00,4,435.97853237518586,213.45147402405462,30.724439165484455
2024-01-14 09:00:00,1,587.7397090992182,237.9976386979043,30.119515216424777
2024-01-14 10:00:00,4,395.9035296058139,197.34732507234853,28.242928821431338
2024-01-14 11:00:00,2,584.8228184145019,180.50941390658716,37.81706679416054
2024-01-14 12:00:00,2,510.55087336013094,222.14161338573945,25.907856670289995
2024-01-14 13:00:00,2,495.1643444064804,197.59237672092803,37.66183862339058
2024-01-14 14:00:00,3,472.7540456595525,156.54660907971927,32.49932061870186
2024-01-14 15:00:00,3,519.9568057176035,216.94843354300843,23.003469125990293
2024-01-14 16:00:00,4,498.1182648787576,189.29343628092155,31.83824646495711
2024-01-14 17:00:00,4,555.1650941008261,198.1893343539168,19.49986746174188
2024-01-14 18:00:00,1,505.71138243310196,206.6396066113803,33.12754008415518
2024-01-14 19:00:00,1,507.51508807309386,203.80999359558132,34.42615741494495
2024-01-14 20:00:00,4,481.8193893893072,214.18903634278078,27.03822022173973
2024-01-14 21:00:00,3,497.15271881394665,191.29027258860313,30.617738479777913
2024-01-14 22:00:00,2,515.390088444603,210.26211596352167,39.77078716875143
2024-01-14 23:00:00,4,414.4915803671687,194.80906644832166,27.471266478690318
2024-01-15 00:00:00,1,432.59072889471435,214.77620961775006,24.705462064716997
2024-01-15 01:00:00,3,537.1632047011358,212.30734968026107,37.40831701231299
2024-01-15 02:00:00,4,508.5432719063971,181.2912259591081,39.81293595265397
2024-01-15 03:00:00,4,490.80083318236603,221.71964232350064,30.018478359239236
2024-01-15 04:00:00,3,500.92169665326963,189.28073109771904,35.05731517704178
2024-01-15 05:00:00,4,517.3790852680836,216.1611559656229,36.70737957765441
2024-01-15 06:00:00,3,473.0120159845319,207.3457462680268,26.28757883730808
2024-01-15 07:00:00,2,461.08476372988434,236.76367353590246,27.57347082316066
2024-01-15 08:00:00,3,509.79226275488406,195.53068035256297,36.15437256577368
2024-01-15 09:00:00,3,451.0813611192484,193.01366407763604,38.425071393542545
2024-01-15 10:00:00,3,520.4126377857236,199.61160788224535,32.81440430087177
2024-01-15 11:00:00,4,414.87081978810795,193.93640434331448,25.60092823248973
2024-01-15 12:00:00,4,551.4577818662822,215.998838038841,39.935305558497205
2024-01-15 13:00:00,3,523.6298741206522,167.67378783126824,27.345145510940178
2024-01-15 14:00:00,4,512.8014867156937,178.92635161707292,28.32431109414274
2024-01-15 15:00:00,1,549.1345491972756,178.64394156841615,31.711689172448107
2024-01-15 16:00:00,1,583.2737222231289,219.0061518394715,37.77080210357387
2024-01-15 17:00:00,4,550.7185032509066,234.2122674516385,34.26987988276112
2024-01-15 18:00:00,4,407.95628843341774,197.91101562925056,32.07432750180955
2024-01-15 19:00:00,3,436.02115166321494,196.62356553619978,32.31644265059053
2024-01-15 20:00:00,2,468.75907111521605,201.40104326226364,30.21757334321733
2024-01-15 21:00:00,4,501.30455251054167,223.2375660521638,32.790697572592535
2024-01-15 22:00:00,1,525.8829510234561,181.45293731618852,17.352199611528484
2024-01-15 23:00:00,3,463.71280934232675,204.7673796546957,28.516962704651007
2024-01-16 00:00:00,4,509.3383382238539,219.5039525956486,31.206609674583905
2024-01-16 01:00:00,1,462.23085338233386,210.02188339879692,24.244929581902465
2024-01-16 02:00:00,1,469.4241098504026,203.79163233197488,31.9316165890578
2024-01-16 03:00:00,2,429.6669451575889,220.02092185134282,28.97764389506939
2024-01-16 04:00:00,3,453.83833769445476,145.93535414001525,38.77737849157745
2024-01-16 05:00:00,3,432.41576971918334,213.55750639061816,37.865098626074285
2024-01-16 06:00:00,2,451.20633735113336,186.91848633745153,27.670972154409185
2024-01-16 07:00:00,2,552.682089830392,163.38734206287086,29.245811442166524
2024-01-16 08:00:00,3,452.53005555840286,210.22405199049962,29.630262171958037
2024-01-16 09:00:00,3,631.6191032418695,227.47317090325916,27.741702619201888
2024-01-16 10:00:00,4,524.6658950440444,197.25102970744615,30.975124920140633
2024-01-16 11:00:00,4,509.2418061847437,219.05749094405877,26.20858965556205
2024-01-16 12:00:00,2,457.0821109909393,232.24556515977292,24.346923325312368
2024-01-16 13:00:00,4,535.0154939704496,226.29828907168095,33.11355611950134
2024-01-16 14:00:00,1,471.21810868811133,232.79929058742786,33.147647921109055
2024-01-16 15:00:00,4,506.1004907322681,214.84254982143784,25.978421201700037
2024-01-16 16:00:00,4,628.0042269134398,201.50867277803187,34.476777153812996
2024-01-16 17:00:00,1,495.1970050137675,167.96068376205665,26.842111354173344
2024-01-16 18:00:00,2,557.4636663142838,195.07875023740104,31.265826190189905
2024-01-16 19:00:00,1,464.84117874370565,183.13506809367615,34.10172006306228
2024-01-16 20:00:00,4,498.2505754751519,243.4188543499563,29.831937176481436
2024-01-16 21:00:00,2,588.5400317817755,196.48228375135326,32.273704560705674
2024-01-16 22:00:00,4,468.65164711061163,202.46409613568972,27.417851780562142
2024-01-16 23:00:00,1,590.6224278998465,211.02970752080935,29.017667082859514
2024-01-17 00:00:00,1,535.3875967727738,200.87204892744907,28.970702845598296
2024-01-17 01:00:00,4,471.8766612052866,233.90102080861504,26.267108267298806
2024-01-17 02:00:00,3,531.620386952776,187.54701276531097,29.11612918442109
2024-01-17 03:00:00,3,548.6277224813365,203.89214910474485,22.256908505681267
2024-01-17 04:00:00,1,531.0904981108598,185.15058828603904,27.544231264289476
2024-01-17 05:00:00,1,421.48876400547715,173.5995497755859,28.575622533151645
2024-01-17 06:00:00,3,463.64314120875656,187.7646181818943,28.7191012375231
2024-01-17 07:00:00,3,487.62406822242474,199.25926405903175,28.792512770646105
2024-01-17 08:00:00,4,496.2783285449977,191.4139555096548,29.691179000699357
2024-01-17 09:00:00,4,531.0336048775339,186.15158040252288,32.39720759043032
2024-01-17 10:00:00,3,508.8850500466627,171.8736507265633,34.37258537066261
2024-01-17 11:00:00,4,433.2327820644949,198.3378885474261,26.751173865758666
2024-01-17 12:00:00,4,519.0098925502982,169.90559251937995,23.983995723054278
2024-01-17 13:00:00,2,530.5292872641911,215.20111927379205,24.789777938784486
2024-01-17 14:00:00,4,527.989522396552,201.64879505869007,27.563985394025366
2024-01-17 15:00:00,1,554.039036277731,170.84897001070138,28.240393410917456
2024-01-17 16:00:00,4,541.6961077274452,193.81581845900274,26.150019669012714
2024-01-17 17:00:00,4,522.9590039614218,184.95687188818835,23.519416678750527
2024-01-17 18:00:00,3,496.4917144270677,206.38349020838362,27.71939586262906
2024-01-17 19:00:00,1,416.9519533242004,226.8090089204629,30.907133100569858
2024-01-17 20:00:00,4,521.4809109566293,162.4965506070851,32.97514732917782
2024-01-17 21:00:00,4,510.38438435815556,202.30052158294833,27.212884734458395
2024-01-17 22:00:00,2,513.5789418597686,196.7973440886672,27.93501088928283
2024-01-17 23:00:00,4,436.16257120898456,213.4268015290093,25.366508455763444
2024-01-18 00:00:00,4,445.94717297958687,204.2639325647538,29.842804148126117
2024-01-18 01:00:00,2,552.6576426666452,184.96061336522362,25.757856829045927
2024-01-18 02:00:00,3,498.02224230716723,193.61892128666764,32.865639066206
2024-01-18 03:00:00,4,534.0750348686312,184.07948286393022,21.070667540329445
2024-01-18 04:00:00,2,501.41591880652305,221.52014277197196,28.20185163773769
2024-01-18 05:00:00,1,501.48780697478725,200.42623297343886,31.50553669595871
2024-01-18 06:00:00,3,546.9141902987999,238.02381371506016,30.91917258161252
2024-01-18 07:00:00,1,474.1977635891313,198.78678372370757,43.46516831990248
2024-01-18 08:00:00,1,504.8060388470492,185.83186466179075,31.749000122839536
2024-01-18 09:00:00,2,476.8862355647479,169.72571214774345,24.979727015789948
2024-01-18 10:00:00,4,478.2751886283842,163.9372064748811,29.522678764554634
2024-01-18 11:00:00,2,484.541393826568,168.3172811398902,21.11876833266774
2024-01-18 12:00:00,2,511.10668858168566,205.34253302022967,29.597001253516197
2024-01-18 13:00:00,2,476.06256891682614,210.17450046459868,25.834719714996208
2024-01-18 14:00:00,2,562.787806278676,168.37618595935734,34.57695137780081
2024-01-18 15:00:00,3,455.2696348890248,217.9007662815223,27.252298627022327
2024-01-18 16:00:00,4,490.65641779193203,190.3387789663312,29.416170421023768
2024-01-18 17:00:00,1,478.01344708629125,202.935860239711,26.822210792977984
2024-01-18 18:00:00,1,572.3488942176866,232.2444125651085,38.69425675926666
2024-01-18 19:00:00,4,509.8277388255787,217.93678631731063,28.39378616941044
2024-01-18 20:00:00,1,551.5922269734317,194.62938704188335,39.16278521739601
2024-01-18 21:00:00,4,425.7219813481514,182.17615549169426,34.07075881059133
2024-01-18 22:00:00,1,513.352513293463,156.96369197341392,32.41033363667693
2024-01-18 23:00:00,2,544.4815397811718,185.6169336151516,31.8436657365876
2024-01-19 00:00:00,1,504.11419946377123,195.77739522344612,31.968986491081257
2024-01-19 01:00:00,4,553.2740187532676,180.25640945697631,20.36163710327195
2024-01-19 02:00:00,4,474.13557749498136,197.3748606581539,28.60558302924622
2024-01-19 03:00:00,4,570.467372009279,201.53703765917535,34.225789855921604
2024-01-19 04:00:00,4,614.9449061809626,195.50288036383841,29.75551408262947
2024-01-19 05:00:00,4,481.85807197801705,186.9999483835308,22.974050765982124
2024-01-19 06:00:00,3,477.7248739299614,203.37309343933455,29.73797774711265
2024-01-19 07:00:00,3,572.6692238558851,208.83881299138818,38.520527581277456
2024-01-19 08:00:00,1,578.9786072865356,178.19201845114307,36.2344585776736
2024-01-19 09:00:00,4,473.8569986423366,228.21864759492541,29.689979953169843
2024-01-19 10:00:00,1,478.99065914520713,198.02823735431477,34.75724638529043
2024-01-19 11:00:00,4,485.9107695569746,200.37699245889695,28.16746489815974
2024-01-19 12:00:00,4,432.77747444828617,214.16428846513114,21.480642065866405
2024-01-19 13:00:00,3,454.0674026757901,204.66432262527005,25.377670059352226
2024-01-19 14:00:00,3,449.7929616623966,219.0627326782649,37.81444384254099
2024-01-19 15:00:00,2,461.61012174479356,205.74248330403648,28.63003459085348
2024-01-19 16:00:00,3,498.2657556306609,187.75125250719125,28.78308010312491
2024-01-19 17:00:00,2,511.710736626826,207.23007050412204,28.500809018625596
2024-01-19 18:00:00,2,577.5250246407038,177.12547585358675,39.52068294786503
2024-01-19 19:00:00,2,450.08229796306046,202.17119411553045,38.12979457681031
2024-01-19 20:00:00,2,549.2161199238292,199.3354001871108,41.09390116724067
2024-01-19 21:00:00,2,489.3005577887246,195.8376628545492,29.204773947999744
2024-01-19 22:00:00,1,497.52681451737834,197.42924977122138,31.478122443735476
2024-01-19 23:00:00,3,533.7409746083301,162.3630190900472,22.416787252896043
2024-01-20 00:00:00,2,443.86389892188504,189.02550184518077,37.38467213059137
2024-01-20 01:00:00,4,519.1204873092025,201.8568980228223,24.161102243660324
2024-01-20 02:00:00,3,508.3226104106528,203.197127839948,31.083877818813146
2024-01-20 03:00:00,3,524.6225632004075,179.44649718148082,24.51348736183578
2024-01-20 04:00:00,2,514.4584321953909,225.31415681729402,27.05566586630652
2024-01-20 05:00:00,1,622.7650069955447,182.67650303570997,25.8136878447515
2024-01-20 06:00:00,2,468.1130007874342,219.38914401053472,26.96062369662091
2024-01-20 07:00:00,1,473.45015224990914,208.5438872374337,27.304386484255108
2024-01-20 08:00:00,4,468.8429736787618,187.07545380312393,27.258656025374613
2024-01-20 09:00:00,3,472.22614404198725,235.50621785219025,34.16666955890153
2024-01-20 10:00:00,4,468.13064363467413,176.1272633648704,24.4756860346874
2024-01-20 11:00:00,1,559.4508265553776,218.38308347220004,31.102707135069334
2024-01-20 12:00:00,1,571.0252123994927,220.01164636085957,36.089795761527796
2024-01-20 13:00:00,4,471.46268531252616,186.5875958184671,27.43401817743302
2024-01-20 14:00:00,1,458.38222134478855,227.84930600128658,26.41040554626199
2024-01-20 15:00:00,4,523.5707778193203,194.99906970802095,28.847376874098746
2024-01-20 16:00:00,3,472.38884778595144,205.77387258559713,35.89862604180355
2024-01-20 17:00:00,4,531.6465908877756,205.2064367754244,30.97053815476679
2024-01-20 18:00:00,3,510.146151042565,197.31382517058904,27.343928526962006
2024-01-20 19:00:00,4,424.2127942501384,216.21616546319564,32.4193832559402
2024-01-20 20:00:00,1,577.3752600665031,215.86977441104426,24.488539250817883
2024-01-20 21:00:00,4,589.7938836547761,165.02936053523638,33.40679755221474
2024-01-20 22:00:00,1,469.3605654757807,226.08680485756304,32.04303653850884
2024-01-20 23:00:00,4,480.6149220032008,166.75016023928652,28.46095764430558
2024-01-21 00:00:00,4,514.2932695362452,220.65092408683316,25.807071007763845
2024-01-21 01:00:00,2,516.7228394993513,222.53410273655166,25.566595388582712
2024-01-21 02:00:00,1,532.9272136336415,178.18067139569604,32.67408668172955
2024-01-21 03:00:00,2,600.5102269383175,191.7837142409083,36.14490251244531
2024-01-21 04:00:00,1,491.1526386252975,177.88590663028128,26.813461264856027
2024-01-21 05:00:00,2,460.0851377730773,195.7015793942253,32.29193351775742
2024-01-21 06:00:00,3,431.03403859927363,193.83931431628517,19.564864906989655
2024-01-21 07:00:00,4,463.45349800290404,215.5932106453868,27.076911346714002
2024-01-21 08:00:00,1,498.34365135631015,226.20617492239217,29.84470533564549
2024-01-21 09:00:00,1,589.7278931758893,227.91367621579911,25.45158291509083
2024-01-21 10:00:00,4,474.1194350481914,188.75663946843395,25.31746812605202
2024-01-21 11:00:00,1,511.18939758194495,195.81556252510944,26.661102217655568
2024-01-21 12:00:00,1,499.1788551963624,166.331236155581,31.460963641631867
2024-01-21 13:00:00,2,559.4196636724042,183.88259867007622,29.063354907968126
2024-01-21 14:00:00,1,626.3466212936811,219.29703266194915,18.80884383337514
2024-01-21 15:00:00,3,473.45656135398394,232.31165647096464,19.396499236824667
2024-01-21 16:00:00,3,475.5280278740889,175.31302256240156,26.965674110714122
2024-01-21 17:00:00,4,552.2080438534535,188.15071481694213,32.28843293026776
2024-01-21 18:00:00,1,534.0945744813156,199.47188486082146,16.262475786373827
2024-01-21 19:00:00,4,592.3353662868017,205.60322317639213,27.501349119241848
2024-01-21 20:00:00,3,529.1964092662982,183.80792960156708,27.368760717412894
2024-01-21 21:00:00,1,482.035395460647,208.4812208892818,36.94168889104224
2024-01-21 22:00:00,1,529.5327415346154,190.5232130585817,28.074890941435683
2024-01-21 23:00:00,4,555.4351790291454,199.71095458243443,31.914944923704642
2024-01-22 00:00:00,3,541.0241090598682,210.925684960074,30.706285700437316
2024-01-22 01:00:00,1,525.3637015553649,200.12844539621875,19.347167600964
2024-01-22 02:00:00,4,553.3337344794577,191.27228218946863,33.841036083158684
2024-01-22 03:00:00,3,558.4647795222836,197.80780392148338,31.07698252728144
2024-01-22 04:00:00,4,569.1079495518763,198.2327408158933,32.54134319837295
2024-01-22 05:00:00,2,532.4354943794822,192.59977940235746,49.63118853218163
2024-01-22 06:00:00,1,491.6440959841573,194.82407874665796,19.579435302507058
2024-01-22 07:00:00,2,507.3356843216661,231.97294341009433,38.62348324880554
2024-01-22 08:00:00,3,560.3254483254178,211.2183889588248,28.56276240299822
2024-01-22 09:00:00,2,459.1532164506382,194.0903936394168,31.436644522015047
2024-01-22 10:00:00,2,518.433665443645,213.9390880902147,29.77243877349379
2024-01-22 11:00:00,3,480.33305938363196,193.3236102048798,27.878818333009782
2024-01-22 12:00:00,4,501.43724114674086,223.46249275173284,27.150835358806205
2024-01-22 13:00:00,2,563.9225931303649,207.39284384396188,31.647543677865045
2024-01-22 14:00:00,4,509.55495340099515,197.85395711991544,22.414131516641604
2024-01-22 15:00:00,2,502.32182740780746,208.95433851620555,33.752895837608826
2024-01-22 16:00:00,4,432.0071929510041,168.58247695863002,27.91902797557373
2024-01-22 17:00:00,3,537.3126783013611,177.46465062180388,24.34965330479821
2024-01-22 18:00:00,2,532.2742090570538,176.1214998720189,27.74993571002093
2024-01-22 19:00:00,3,608.162736165273,202.85886189527415,36.28574608431286
2024-01-22 20:00:00,2,484.61108825235,234.65029998970184,27.323324564918885
2024-01-22 21:00:00,3,510.95751638319695,244.62600292385264,31.7922680910481
2024-01-22 22:00:00,3,512.4691841855378,212.76102202881515,26.34521862142263
2024-01-22 23:00:00,2,578.8726639881737,210.01688949888913,33.789609249618096
2024-01-23 00:00:00,2,495.23522338065237,163.9788453169452,33.42753869395102
2024-01-23 01:00:00,2,513.951076288517,189.14652400531958,39.24304416648206
2024-01-23 02:00:00,1,530.3948254858269,184.24432496183522,29.122180272503922
2024-01-23 03:00:00,4,509.33045615781793,187.58304803497768,33.34327402378953
2024-01-23 04:00:00,1,477.6783192724736,196.6371236283042,30.490337697694724
2024-01-23 05:00:00,1,509.70449964491536,190.55818844605744,36.479358909315074
2024-01-23 06:00:00,3,553.6815874929886,160.41400379248424,26.40583806195635
2024-01-23 07:00:00,2,448.674235029447,214.95820512235068,33.725026564386404
2024-01-23 08:00:00,4,506.6484837073438,178.54513948520386,29.026513519416593
2024-01-23 09:00:00,3,464.99395925304134,204.78493728222298,29.679059114457512
2024-01-23 10:00:00,1,559.7523314462421,241.48165339499946,30.458762422241865
2024-01-23 11:00:00,2,423.8406547608113,181.61230816827154,31.261201982133386
2024-01-23 12:00:00,3,472.0539076364206,149.39424954507342,29.41885478439021
2024-01-23 13:00:00,2,518.860593753226,194.27991556239778,31.073565915852633
2024-01-23 14:00:00,3,578.276201461717,222.01919269997143,37.89059028781092
2024-01-23 15:00:00,2,496.7124869463506,239.16694908441187,34.92724842807609
2024-01-23 16:00:00,1,472.24002366534006,175.40900811095167,34.34577296248448
2024-01-23 17:00:00,4,594.0578534720295,209.93398446473043,27.722302369880648
2024-01-23 18:00:00,1,427.5993049791878,190.69379086439892,25.55379585885838
2024-01-23 19:00:00,4,390.0597021689959,197.8810329139173,34.77650279118876
2024-01-23 20:00:00,2,522.0007225026666,252.8868669403407,34.38023396264897
2024-01-23 21:00:00,3,474.89728878236946,169.94059343209693,37.36335337875491
2024-01-23 22:00:00,1,448.93835914346437,205.07479322989147,26.98009687015385
2024-01-23 23:00:00,4,535.4178223649676,209.35386343530865,28.852256723198266
2024-01-24 00:00:00,1,512.19003568856,221.71572649878695,21.802579187372828
2024-01-24 01:00:00,4,471.7960684631636,201.9596630694179,28.037644469695636
2024-01-24 02:00:00,1,435.9847800664553,206.16101079008206,34.982852552897235
2024-01-24 03:00:00,4,543.6228664140073,192.16702865156418,27.66752310385901
2024-01-24 04:00:00,4,532.510058897933,205.38253882490216,33.20239897600412
2024-01-24 05:00:00,2,495.04120681103086,193.13615449005178,29.047484470010943
2024-01-24 06:00:00,4,592.3318498023833,212.43143779712102,31.620285141107804
2024-01-24 07:00:00,2,446.49576168369236,192.60779327912732,24.261543050921663
2024-01-24 08:00:00,4,423.72374145376307,207.54200787804373,30.426047248169507
2024-01-24 09:00:00,3,465.4045965059378,199.41474372630043,15.044320145496384
2024-01-24 10:00:00,3,497.72069918222513,222.52100501544336,29.065519209190075
2024-01-24 11:00:00,3,512.1669724661346,198.97212552823026,21.8476337814243
2024-01-24 12:00:00,4,487.9381971071835,164.53935063586238,36.02997258273408
2024-01-24 13:00:00,2,517.6027698257149,225.23843001427983,33.88703676382256
2024-01-24 14:00:00,2,437.4230287904778,181.88535398274763,32.333354909830405
2024-01-24 15:00:00,4,572.188230203663,186.92467322702362,37.6050311357969
2024-01-24 16:00:00,3,495.89244108037155,188.08677411913015,25.255417395875813
2024-01-24 17:00:00,3,555.8647915794064,227.48876186341636,38.73681598957779
2024-01-24 18:00:00,2,517.1362673188852,157.28651572042608,34.66095782130192
2024-01-24 19:00:00,3,522.8376609576892,262.75497067319986,28.81722356390527
2024-01-24 20:00:00,1,528.4883640116102,221.12113618132105,35.67810073591472
2024-01-24 21:00:00,2,522.3854280008658,204.46477828258318,24.46853243794183
2024-01-24 22:00:00,3,532.1361379933772,198.90211998767427,25.87742919236163
2024-01-24 23:00:00,2,566.4576265066215,205.71108149715315,26.9570513838015
2024-01-25 00:00:00,1,509.82605848507353,210.42244856758677,27.355111459679925
2024-01-25 01:00:00,2,535.4501878794256,212.90431171900113,24.717211786198735
2024-01-25 02:00:00,2,495.51321528563864,211.11208932006897,36.11541533547663
2024-01-25 03:00:00,2,572.0058607724736,201.791613625105,28.70572799815084
2024-01-25 04:00:00,2,466.1803848970365,196.05323159385347,31.762524841784398
2024-01-25 05:00:00,1,590.0470216455408,196.97453432692976,27.148243167931597
2024-01-25 06:00:00,4,497.99210246778284,196.1018343929464,20.896983497257416
2024-01-25 07:00:00,2,428.4612448940976,222.6754019373413,31.35028679195711
2024-01-25 08:00:00,2,506.40522074553945,211.87113444561723,20.438725122901115
2024-01-25 09:00:00,3,465.94741712625597,141.1922273067144,29.656829769572656
2024-01-25 10:00:00,2,542.0321774494362,213.11801553059522,23.15842480583595
2024-01-25 11:00:00,3,467.36880103488045,203.8947238943755,39.93637999615404
2024-01-25 12:00:00,4,477.69082833926103,199.62582487108205,34.55681361087361
2024-01-25 13:00:00,1,405.52296345272345,192.22963093822227,30.528768956357403
2024-01-25 14:00:00,1,477.38468403754615,222.48225439972026,36.318533388273345
2024-01-25 15:00:00,4,378.8060336685522,218.95052924245715,25.768420112671322
2024-01-25 16:00:00,1,420.80485882571384,184.54244664352782,32.71739689335047
2024-01-25 17:00:00,4,538.0207328072149,208.1410457424907,30.99905216859357
2024-01-25 18:00:00,4,539.2900079325416,180.5668653091743,31.32010040666835
2024-01-25 19:00:00,4,521.2728780892483,172.40763670422137,36.36176750053384
2024-01-25 20:00:00,1,451.6511928435393,187.4656555082007,33.66246051389901
2024-01-25 21:00:00,3,497.614432192901,217.24786944765518,31.443618314125118
2024-01-25 22:00:00,4,499.8198730454716,219.06250090752172,21.72556281885852
2024-01-25 23:00:00,2,442.0817655403729,210.26170840194587,25.199768523602682
2024-01-26 00:00:00,1,575.1699150883576,214.50191573695994,29.38645533202138
2024-01-26 01:00:00,4,543.8681145287836,210.32356574229917,30.466861871383255
2024-01-26 02:00:00,4,488.9517913085168,187.17036809554097,24.34898137663038
2024-01-26 03:00:00,2,501.34429194972654,208.63845089347882,42.058383377892106
2024-01-26 04:00:00,3,510.41914039737765,216.00819050455365,37.58197027626787
2024-01-26 05:00:00,3,397.9132565787855,215.0858265962715,33.01059160196242
2024-01-26 06:00:00,3,487.64113087397016,223.77826742949287,30.360184306418724
2024-01-26 07:00:00,4,465.90078760011005,214.16607694402128,28.93895515049424
2024-01-26 08:00:00,4,449.91899950525425,207.02896415083165,25.24040769988882
2024-01-26 09:00:00,4,485.9449853557023,221.40300476632854,30.387402592594313
2024-01-26 10:00:00,1,589.8843263424761,199.4695748150188,31.288762700713754
2024-01-26 11:00:00,2,532.0421430633505,182.36250697544565,23.79119712259188
2024-01-26 12:00:00,4,471.4410505108602,196.73866072112472,31.670882086224488
2024-01-26 13:00:00,2,528.629139067808,185.10194710387103,29.223704755876255
2024-01-26 14:00:00,2,569.9677718293001,186.49643450051238,20.460962210613047
2024-01-26 15:00:00,3,546.2316841456384,197.10962658568965,25.69807494610249
2024-01-26 16:00:00,1,502.98151849600873,184.15160158000077,27.931972332891778
2024-01-26 17:00:00,4,467.6531611147213,193.8407694072192,39.43843828670095
2024-01-26 18:00:00,3,534.9111656806795,162.12770666092428,32.78276562266879
2024-01-26 19:00:00,3,519.6742692710875,204.26587414745876,23.322592154500544
2024-01-26 20:00:00,4,544.7596610013866,200.02410950724448,32.43018144708819
2024-01-26 21:00:00,2,531.7585900840985,183.65822737863618,22.26348005530817
2024-01-26 22:00:00,3,552.4776357659667,213.1849133686481,35.41345526943537
2024-01-26 23:00:00,2,473.2382394219716,218.75140275253116,27.64437674091061
2024-01-27 00:00:00,1,565.8697032817163,167.8488027126205,29.531819056304144
2024-01-27 01:00:00,2,509.87998023462,184.7455044286757,36.62898323771095
2024-01-27 02:00:00,1,603.7630436312633,184.61715300425402,23.56418215707875
2024-01-27 03:00:00,2,465.54060909552163,181.2019379778227,23.014409074435044
2024-01-27 04:00:00,3,586.7981901582625,216.58949683863497,27.082003368269977
2024-01-27 05:00:00,3,509.89553917313236,196.12347722454393,35.191894255096585
2024-01-27 06:00:00,1,467.42909981927755,194.70970317378777,22.403269622615788
2024-01-27 07:00:00,4,475.8057082972839,159.92275271186492,15.839222009447155
2024-01-27 08:00:00,1,483.98263459028396,212.70836060418452,27.744205707955008
2024-01-27 09:00:00,1,521.2082973200958,175.21483210293056,32.758703999554605
2024-01-27 10:00:00,2,526.141774401775,201.19865260532657,36.00130874869414
2024-01-27 11:00:00,2,471.31499980307103,205.54753875916384,27.684193189573005
2024-01-27 12:00:00,1,498.78227038695087,227.21317191677304,27.942866964419988
2024-01-27 13:00:00,3,607.1135179305932,173.82359201761776,35.769503671278734
2024-01-27 14:00:00,2,586.3771585050356,139.6097568835835,20.6512915015229
2024-01-27 15:00:00,4,521.8161834837016,203.67699089507389,28.057396124084953
2024-01-27 16:00:00,2,501.90017390841,236.01022363021707,30.95211944962529
2024-01-27 17:00:00,2,506.0015663359131,224.77892705878875,32.24609360642517
2024-01-27 18:00:00,4,530.6758986365209,204.19318830549253,27.450966534045588
2024-01-27 19:00:00,1,448.8603717400797,190.16727628735904,30.172205058529208
2024-01-27 20:00:00,4,487.13117312883276,216.1424519327462,17.55836323293505
2024-01-27 21:00:00,1,416.57079630612054,180.52907600591064,26.70875793833076
2024-01-27 22:00:00,1,519.9611561302639,209.5271553871244,32.26754356277234
2024-01-27 23:00:00,1,532.3597969851371,210.10940318333255,25.088529828726603
2024-01-28 00:00:00,4,475.8406768850313,221.2041981499776,30.294921107947985
2024-01-28 01:00:00,1,578.6993381645017,255.19320077822155,32.23436250401349
2024-01-28 02:00:00,3,438.7117168498829,207.84831934357533,28.287253995711175
2024-01-28 03:00:00,4,426.78125598950896,189.82072748585003,30.852318854982855
2024-01-28 04:00:00,3,511.2225909279986,199.4885137561601,25.186337173576938
2024-01-28 05:00:00,1,552.3549151306078,164.61848190221764,28.966943601519766
2024-01-28 06:00:00,2,584.1963845728934,186.10573737821883,33.05108084794611
2024-01-28 07:00:00,1,477.055786856553,191.81435123773792,30.784864804842172
2024-01-28 08:00:00,3,553.9340416715647,189.51823204130815,27.067343652180323
2024-01-28 09:00:00,3,498.07457652496464,203.04709744067443,31.121082021453965
2024-01-28 10:00:00,4,491.368635002959,183.551601352356,33.57304895318309
2024-01-28 11:00:00,2,544.1829968743336,222.42061334648943,19.75029360711261
2024-01-28 12:00:00,4,532.616143920671,200.00414129836395,35.79537032477949
2024-01-28 13:00:00,3,421.1803921507875,199.8139935772277,28.31872630659464
2024-01-28 14:00:00,1,573.8270174862948,193.44210566974164,32.12744966620115
2024-01-28 15:00:00,2,569.0045677073725,203.10381367717957,35.98623461822614
2024-01-28 16:00:00,1,468.7218649245235,216.5019652933527,23.14163151384767
2024-01-28 17:00:00,1,519.7901766718704,182.65739568578198,26.452794987862266
2024-01-28 18:00:00,2,524.701509314137,186.83767021849488,28.557256520621475
2024-01-28 19:00:00,4,513.0336882911954,193.92547942446672,26.081232394377857
2024-01-28 20:00:00,1,472.484742307729,173.0825815305357,38.67468287918404
2024-01-28 21:00:00,3,466.41883160309743,183.61484280557005,25.716139530866037
2024-01-28 22:00:00,1,498.72229645042773,190.47558252910682,27.222266102565666
2024-01-28 23:00:00,2,558.6364509629682,217.48778361425454,31.021945158014884
2024-01-29 00:00:00,2,527.1800077297216,205.2512265800385,23.989252369619557
2024-01-29 01:00:00,2,481.4692833956947,203.8717982273509,28.02159644121868
2024-01-29 02:00:00,4,538.5849355324173,217.01795924335943,31.587266306250875
2024-01-29 03:00:00,1,357.5728689684962,197.25256423201208,28.335697978087445
2024-01-29 04:00:00,4,557.4382850186051,207.8092969985778,29.53306570550026
2024-01-29 05:00:00,4,413.014311061095,197.93556494135007,27.353339437758144
2024-01-29 06:00:00,2,481.8779529298434,205.30724698799256,22.427648454096165
2024-01-29 07:00:00,2,444.0165052686928,188.34482684776836,31.607966056696192
2024-01-29 08:00:00,4,435.2659262139547,151.22365683447143,38.774665358236206
2024-01-29 09:00:00,1,558.041339368926,197.3144167562739,30.09200815391719
2024-01-29 10:00:00,3,476.6149399344054,228.4549627219988,31.126320586237746
2024-01-29 11:00:00,4,517.3251940865358,218.52430804483186,33.4636137755843
2024-01-29 12:00:00,1,497.6539710560408,219.3079496918234,23.653347517266504
2024-01-29 13:00:00,2,523.8520413611561,224.72261443612436,38.51257329064803
2024-01-29 14:00:00,2,503.8410945530128,201.77315181922876,31.01164398211401
2024-01-29 15:00:00,1,435.8503887905715,203.94631414811192,38.15928449544555
2024-01-29 16:00:00,3,549.813340972357,187.646962091313,26.334835022380055
2024-01-29 17:00:00,2,475.3121708419344,193.678542879459,39.09030961278913
2024-01-29 18:00:00,2,422.1709050670124,212.31542299542284,33.875777470173915
2024-01-29 19:00:00,2,478.59424195170436,224.0776887433763,32.76520042926179
2024-01-29 20:00:00,1,575.0379895317155,197.21107448638,31.17012227176574
2024-01-29 21:00:00,4,542.5110871056746,190.99621470297177,28.757356909627752
2024-01-29 22:00:00,2,482.567393279607,200.01055917713194,36.00265829236936
2024-01-29 23:00:00,4,482.53711478407854,212.0241349785823,30.701799349240236
2024-01-30 00:00:00,3,483.9182474391309,171.12290367732916,20.164651482064237
2024-01-30 01:00:00,2,603.837399178042,154.07638093725524,24.414067691464986
2024-01-30 02:00:00,2,519.0967726115776,188.98926301016832,29.070771239036265
2024-01-30 03:00:00,3,521.5020823595535,175.58575148171684,31.549994915827774
2024-01-30 04:00:00,2,551.5141727015921,189.8371960470538,29.71705755550052
2024-01-30 05:00:00,4,511.93945795132566,197.04439362365056,36.094853948968314
2024-01-30 06:00:00,1,487.04789270896487,190.93503181953974,20.244490679806876
2024-01-30 07:00:00,4,490.1825075457511,229.0493506894149,30.717939682525802
2024-01-30 08:00:00,1,496.4199370292968,206.5348952920464,20.910103873064227
2024-01-30 09:00:00,1,498.13888817450794,206.00948719221657,33.79856147742084
2024-01-30 10:00:00,4,536.381477181849,212.44414288086804,29.527706427789987
2024-01-30 11:00:00,4,502.59729429036497,177.22333764438463,32.09804986012059
2024-01-30 12:00:00,4,536.6320038607789,220.78223574840538,25.68058519705117
2024-01-30 13:00:00,4,495.9641709945709,198.4847142692908,36.39732465828875
2024-01-30 14:00:00,3,503.9317595158045,213.40961234482424,35.20862332029426
2024-01-30 15:00:00,2,400.0899657733946,178.5628553391969,32.91772151505944
2024-01-30 16:00:00,1,545.8163837351241,168.92482467967872,29.352413765682797
2024-01-30 17:00:00,4,517.3244237948996,216.35779316050056,32.89928642647566
2024-01-30 18:00:00,4,549.9005054929826,207.52819052195034,26.465537160063256
2024-01-30 19:00:00,4,355.18723109031555,181.9589689128498,34.27777829510356
2024-01-30 20:00:00,3,604.4187352390363,182.6067383745061,38.2474044716196
2024-01-30 21:00:00,4,493.02051859224133,222.5086956882954,35.353052799895934
2024-01-30 22:00:00,4,555.4091408368758,176.21176214265344,26.351987650962954
2024-01-30 23:00:00,4,448.0047036437235,232.85345906511927,31.807086586365514
2024-01-31 00:00:00,2,530.6386952531285,181.98758530704262,23.53429228120676
2024-01-31 01:00:00,3,447.3292218413172,212.76783851216766,32.86195155587838
2024-01-31 02:00:00,4,468.81155196520973,193.4276304850203,32.253017064312694
2024-01-31 03:00:00,1,595.7015676933393,212.06374862164685,20.65091830233918
2024-01-31 04:00:00,1,490.4658799618327,189.11771995771613,24.19108078043818
2024-01-31 05:00:00,1,510.87164365898616,196.7441418785541,28.584305516281166
2024-01-31 06:00:00,3,543.5033865344377,200.81838350791443,28.495701264295867
2024-01-31 07:00:00,3,524.7840943986303,179.95625088437055,23.952615322905974
2024-01-31 08:00:00,1,507.5209452571788,214.8164869084025,31.944893646760917
2024-01-31 09:00:00,4,518.2480501233113,189.7357286705683,31.25736804470256
2024-01-31 10:00:00,3,620.1707792619137,195.42800169319963,29.028654340107405
2024-01-31 11:00:00,1,497.1190601483207,180.11301250782975,26.221042499208185
2024-01-31 12:00:00,1,510.0549523357484,148.7533268240938,35.24353563208282
2024-01-31 13:00:00,4,552.5327198003806,196.17944474799663,38.27703556544148
2024-01-31 14:00:00,2,555.2762966478992,248.2523084322583,27.582192580767316
2024-01-31 15:00:00,3,559.351515278019,215.69208575796048,26.939165414225897
2024-01-31 16:00:00,4,531.9365111014592,199.6147924053121,32.45603832705998
2024-01-31 17:00:00,1,442.8497543634758,194.74218341583466,28.209853101265068
2024-01-31 18:00:00,1,581.6715766150548,200.44931785624092,29.30301399668383
2024-01-31 19:00:00,4,442.6827303490656,210.9423823035042,33.69826575862336
2024-01-31 20:00:00,3,515.1317732619517,176.3837436938231,20.453219562463538
2024-01-31 21:00:00,2,462.2862074990321,222.28643389337745,36.59151162426335
2024-01-31 22:00:00,2,496.7930826703504,214.3076263088249,30.363402621646706
2024-01-31 23:00:00,1,516.438120515174,214.3637145141587,27.9425342771891
2024-02-01 00:00:00,3,516.0678607725137,208.76951477619454,29.553829228892756
2024-02-01 01:00:00,2,521.0960377117642,200.3923331538798,29.812146775102594
2024-02-01 02:00:00,3,580.6855634529323,213.4572247193364,21.343993482775375
2024-02-01 03:00:00,3,522.676715075699,211.83628267482757,37.47469113726618
2024-02-01 04:00:00,1,487.79216823546756,192.91918578117952,30.20662816135309
2024-02-01 05:00:00,2,548.2043584144178,188.52796454206197,32.21501065223688
2024-02-01 06:00:00,4,559.473524446232,202.03712590523975,34.757748852870215
2024-02-01 07:00:00,1,438.61960924315036,230.98040302990375,24.894187712198498
2024-02-01 08:00:00,2,529.8700034924929,175.21785848692198,32.367359495176146
2024-02-01 09:00:00,2,535.0586371155449,170.6494946849512,28.661794545506034
2024-02-01 10:00:00,2,485.1218248320004,203.29521682473035,34.23385387608247
2024-02-01 11:00:00,2,568.785340665581,201.01775403712037,19.363862898242523
2024-02-01 12:00:00,2,492.4972206483737,203.46683328740818,29.504528498793654
2024-02-01 13:00:00,3,506.2788226735771,204.87906395817,26.98589672108019
2024-02-01 14:00:00,1,491.34640878580655,195.5359549073039,32.16131475317078
2024-02-01 15:00:00,3,500.77895237907336,229.79726877204163,32.35022093684101
2024-02-01 16:00:00,4,445.18624565523993,167.9819204304697,26.46187052588987
2024-02-01 17:00:00,2,427.9974558702853,183.43005950439508,26.43913067911978
2024-02-01 18:00:00,1,579.7252531612486,197.93490479701904,29.446673157213354
2024-02-01 19:00:00,2,457.6519325840836,167.13622377691667,25.516788863423958
2024-02-01 20:00:00,1,450.43038252718463,196.48291191135857,34.209918477260636
2024-02-01 21:00:00,3,392.33049431981425,233.22940331456036,28.15396399776277
2024-02-01 22:00:00,1,468.0519126155249,200.41772976591923,15.465058903391792
2024-02-01 23:00:00,4,433.8455103296251,204.61401811437366,28.12588971689097
2024-02-02 00:00:00,4,582.1007580068184,174.7967046965484,24.80728089578014
2024-02-02 01:00:00,1,550.4908544671317,187.67277183921044,21.843620922695273
2024-02-02 02:00:00,1,465.5924827411138,192.49607239352127,23.812866808887136
2024-02-02 03:00:00,1,612.6217902672154,193.64569806487532,30.547042359164852
2024-02-02 04:00:00,1,549.0882743495797,225.63287590007536,36.643204141241156
2024-02-02 05:00:00,4,483.7584308245689,211.1538212145025,31.565922369324902
2024-02-02 06:00:00,2,375.0297142563213,177.77084086125936,26.967483058921303
2024-02-02 07:00:00,1,614.547128629537,204.9300955686401,32.279520975853515
2024-02-02 08:00:00,1,430.5213766618202,209.9644349699357,27.70454844890504
2024-02-02 09:00:00,4,417.7300626521554,222.80298077042534,26.526998154184277
2024-02-02 10:00:00,4,551.128521600482,231.61081373136747,24.228186658835078
2024-02-02 11:00:00,3,621.9876203169637,179.69811616344262,21.240855966241405
2024-02-02 12:00:00,1,569.2136409255259,183.78284977579324,28.050381467202772
2024-02-02 13:00:00,3,528.195456002618,174.84844282170766,30.79026744960066
2024-02-02 14:00:00,4,529.7377170832643,195.31960281786039,29.51688164992555
2024-02-02 15:00:00,4,542.6707779390154,209.3271674889267,27.920165360263205
2024-02-02 16:00:00,2,537.9464294893382,219.74669033178205,25.271269696516093
2024-02-02 17:00:00,1,514.0595711984688,198.48097952714954,33.04123095842484
2024-02-02 18:00:00,3,505.2100551975938,193.6030495349031,23.414340400267076
2024-02-02 19:00:00,4,496.8703436050239,203.0351598449748,33.88013956921738
2024-02-02 20:00:00,4,462.30177055666616,183.29714196739954,24.988914905366375
2024-02-02 21:00:00,3,485.96624615666127,241.79077443389548,26.237823813234826
2024-02-02 22:00:00,2,415.3521592902307,167.84677945763883,22.666074046921615
2024-02-02 23:00:00,4,495.0830186602625,203.6948115779145,27.492989265571815
2024-02-03 00:00:00,1,450.5704446424541,240.4721243845928,34.87656229238989
2024-02-03 01:00:00,4,444.8205341392115,200.13599689119997,32.578140442219784
2024-02-03 02:00:00,1,508.9947075576739,196.1992192999701,34.892110560140175
2024-02-03 03:00:00,3,569.60011431723,192.85109154379145,32.61071272966968
2024-02-03 04:00:00,1,545.9158303001157,196.39216636475183,24.481650857348153
2024-02-03 05:00:00,3,421.47496981884115,227.4569694935306,28.346053878362213
2024-02-03 06:00:00,1,450.51859317148313,155.76276177340986,26.099004354412685
2024-02-03 07:00:00,3,547.0385593994108,230.66867402592652,36.6528745201952
2024-02-03 08:00:00,1,450.8756303230845,171.52085695099709,24.01605676786844
2024-02-03 09:00:00,2,488.7683425001488,194.6669534153117,34.46848844694556
2024-02-03 10:00:00,1,527.5026049512276,191.41511159402677,34.46476935054385
2024-02-03 11:00:00,1,451.58277725681825,211.77106539541438,39.14810100858044
2024-02-03 12:00:00,2,505.268775307298,168.03751296232505,27.951567036852513
2024-02-03 13:00:00,4,433.2987252540898,209.24345332163887,33.56161079790081
2024-02-03 14:00:00,4,469.9316178024393,240.48619246573705,41.40825918269421
2024-02-03 15:00:00,1,515.9890967071268,172.7365199081438,26.911791615331516
2024-02-03 16:00:00,2,420.3503133234165,203.79412335220792,22.3247987623382
2024-02-03 17:00:00,1,522.0237368980199,186.7603564440678,20.59994983046118
2024-02-03 18:00:00,3,499.01811005366596,208.51774412386072,33.563560144306656
2024-02-03 19:00:00,3,527.6244977208573,200.38295554831504,20.584248959707082
2024-02-03 20:00:00,1,511.1957067032331,187.17026181911382,28.138404735310385
2024-02-03 21:00:00,4,568.2070214986923,209.75744569742147,32.18656593519481
2024-02-03 22:00:00,4,506.26122513239534,236.08696219573486,30.92587768414957
2024-02-03 23:00:00,1,478.52972294373734,196.18192416545403,32.12722432092086
2024-02-04 00:00:00,1,506.11487515161417,214.39515884296364,31.11144927900427
2024-02-04 01:00:00,3,527.1649014518194,174.1345408425767,36.39432906656697
2024-02-04 02:00:00,4,502.4430035162852,180.87127246363983,25.238418096306013
2024-02-04 03:00:00,1,502.0295845601941,209.44812555760754,26.615024307707344
2024-02-04 04:00:00,3,464.9004156096622,229.6823205707193,26.13670277364588
2024-02-04 05:00:00,4,466.85495412245257,207.1122669757132,34.15095905931305
2024-02-04 06:00:00,2,429.8697364100153,193.7388393895369,34.50199294197532
2024-02-04 07:00:00,3,587.478837159347,199.98582810846708,32.25612659659254
2024-02-04 08:00:00,4,437.80683823043574,174.99184532060565,35.91746833444964
2024-02-04 09:00:00,4,465.3547401102046,212.09030652710734,24.109795663118096
2024-02-04 10:00:00,3,464.0796367215401,217.64666124646817,38.336120557755685
2024-02-04 11:00:00,2,544.746218847222,190.9581933433384,37.61619310856129
2024-02-04 12:00:00,3,485.2525160853986,190.59915704480997,33.67810998622873
2024-02-04 13:00:00,4,562.3871036336867,205.31756459304097,38.9089945438553
2024-02-04 14:00:00,1,466.3254687878066,191.2656052791881,21.71688396161113
2024-02-04 15:00:00,1,513.9497081111901,198.67734770748356,27.377759318686742
2024-02-04 16:00:00,3,458.2326473370121,241.99443578333032,26.32348269659024
2024-02-04 17:00:00,4,607.2574563886694,195.05948598508007,33.607396618786716
2024-02-04 18:00:00,1,440.62007904852436,192.83319695957556,24.749296301989272
2024-02-04 19:00:00,4,515.4910355113514,187.04916388729683,33.78747574668743
2024-02-04 20:00:00,3,531.6888440466049,214.88383942999874,36.85268071998357
2024-02-04 21:00:00,1,520.689954872575,196.37551653563793,33.47601450042
2024-02-04 22:00:00,4,490.73561705611456,187.0125392335715,31.418755118307505
2024-02-04 23:00:00,1,493.5089650133287,226.42608064546025,25.060633295496253
2024-02-05 00:00:00,3,502.1905735989555,228.39206009027274,25.765745169373176
2024-02-05 01:00:00,4,492.64989991857556,187.9915286852259,36.248094526483335
2024-02-05 02:00:00,1,548.1939558397455,162.66920097278768,33.89674501952666
2024-02-05 03:00:00,3,610.5261500795675,220.15027379673845,29.80490240311228
2024-02-05 04:00:00,1,472.1254107496083,186.30740348479992,27.91045227117055
2024-02-05 05:00:00,1,431.5098510210461,215.81251198325538,19.870960634443115
2024-02-05 06:00:00,2,495.58589758243727,160.59792364576327,24.645737906577807
2024-02-05 07:00:00,2,628.985466882716,217.85194676598618,39.55709543569861
2024-02-05 08:00:00,3,459.81627160151345,175.7765614143844,23.597722144987667
2024-02-05 09:00:00,2,581.9558402722034,214.6152823813305,30.947399106105404
2024-02-05 10:00:00,3,583.885040703822,200.2854613567287,35.03721986597599
2024-02-05 11:00:00,2,472.32058791460025,180.9212116120671,23.725386659988537
2024-02-05 12:00:00,1,528.4491539592638,191.8592737414644,30.923552373905416
2024-02-05 13:00:00,3,581.4198311564269,213.72636913913402,34.689577687553275
2024-02-05 14:00:00,3,481.04361295062563,202.1178890623047,30.06249660953625
2024-02-05 15:00:00,1,489.8209819948819,211.6882596094497,44.34201527833384
2024-02-05 16:00:00,3,470.9159543025678,239.5288116903097,21.65700370560902
2024-02-05 17:00:00,3,449.26216346535665,168.71516776577897,35.2936426494194
2024-02-05 18:00:00,2,467.5361227466997,232.3442514993725,29.135991313017676
2024-02-05 19:00:00,3,438.8029866618872,202.08711875046427,33.85960077418338
2024-02-05 20:00:00,4,501.7041734129613,182.02431903353744,32.20653575849623
2024-02-05 21:00:00,1,461.5013384470679,173.3937274852202,26.334219014450017
2024-02-05 22:00:00,2,511.6892955895374,196.21759218445933,31.1449819622967
2024-02-05 23:00:00,2,422.20521768981865,218.4330022384892,20.710492743008565
2024-02-06 00:00:00,4,516.5440116107228,197.4490175924493,33.01623750285697
2024-02-06 01:00:00,1,541.6764480804462,230.22309860494695,31.49079232995263
2024-02-06 02:00:00,1,400.31321787142724,170.97648619896881,33.19330084321551
2024-02-06 03:00:00,2,518.7028284923786,199.75822104307892,35.29059162543575
2024-02-06 04:00:00,3,561.3834496236647,174.95213111173763,31.838099201048554
2024-02-06 05:00:00,2,439.5179490654397,207.27263765249936,30.740447098991382
2024-02-06 06:00:00,1,583.6286193418852,217.737747801946,25.59465831669354
2024-02-06 07:00:00,4,520.9509504683023,191.58476412637893,26.438896181754746
2024-02-06 08:00:00,2,464.7494072120796,147.9157228674573,35.93367310088666
2024-02-06 09:00:00,1,497.2115461171147,203.9789629359299,37.18167702852989
2024-02-06 10:00:00,2,527.9163456260861,208.7347710346702,28.80944781843973
2024-02-06 11:00:00,3,503.80026957062057,208.08589509923397,30.230013736266372
2024-02-06 12:00:00,2,526.9377996223185,224.7156438364431,25.47692812503117
2024-02-06 13:00:00,2,453.9663203460317,178.57892640701903,35.86378422633722
2024-02-06 14:00:00,1,508.4680412018039,213.604322109009,33.32708411845889
2024-02-06 15:00:00,1,429.314275154751,223.8501502495595,39.70608718231875
2024-02-06 16:00:00,1,494.438696932565,164.42824831986968,25.608384614101304
2024-02-06 17:00:00,2,454.8046179267605,206.39303651837955,28.109960504908916
2024-02-06 18:00:00,3,463.22350287051165,189.91640337984657,31.157229612627862
2024-02-06 19:00:00,4,561.8046587605219,198.3695465379671,33.23244768862885
2024-02-06 20:00:00,4,554.5655060297134,206.95352967076673,28.92166181226184
2024-02-06 21:00:00,1,530.4569060453589,190.25542871772896,25.635194547731498
2024-02-06 22:00:00,1,445.38436176637106,186.48583841676776,34.40703764461786
2024-02-06 23:00:00,2,484.1795775152599,200.6830483497605,33.60567681272791
2024-02-07 00:00:00,4,560.6548849989591,178.25508122274394,25.418629497181374
2024-02-07 01:00:00,1,507.08584568199524,178.2834974222963,36.777214005527476
2024-02-07 02:00:00,3,615.9664769990848,213.58746565913006,35.850993545983016
2024-02-07 03:00:00,3,519.6658919697186,177.02411929682688,30.671482486238965
2024-02-07 04:00:00,1,509.6024558245016,213.32625001818423,30.39798931188018
2024-02-07 05:00:00,1,484.54417678987494,209.251825857079,32.77028885557954
2024-02-07 06:00:00,4,506.67704523911414,165.48386542418808,25.69148464871871
2024-02-07 07:00:00,4,492.3765081809728,186.4487069532869,30.15015739582041
2024-02-07 08:00:00,2,535.4054338344296,223.88218806094744,19.2380822769541
2024-02-07 09:00:00,4,547.8351158397292,180.37668937720636,34.382278227514675
2024-02-07 10:00:00,3,460.70052697460255,190.71191475381224,22.192533887790702
2024-02-07 11:00:00,3,433.4383523221111,209.24121786503792,37.51709914214499
2024-02-07 12:00:00,1,408.1897313448352,215.66781018565192,28.349399530167748
2024-02-07 13:00:00,4,525.3995663456271,194.96922227911008,28.941665090344117
2024-02-07 14:00:00,2,444.83166969130633,188.04979610616718,26.86133046957747
2024-02-07 15:00:00,3,392.35547035237585,228.44739723397015,28.55980563038962
2024-02-07 16:00:00,3,519.4289302265482,234.7779932759516,37.092656725740184
2024-02-07 17:00:00,2,624.6499758716395,219.5771610156359,17.5609567173246
2024-02-07 18:00:00,2,499.6964544230053,201.70636285130047,36.38482693044094
2024-02-07 19:00:00,3,541.924538722582,183.83468556718148,31.69011740550854
2024-02-07 20:00:00,3,504.09146792737823,183.3911118688687,23.964891760713922
2024-02-07 21:00:00,2,495.05551734044286,210.45028210531515,24.62343803475381
2024-02-07 22:00:00,3,545.9538241493884,208.36796441777366,38.38196513604102
2024-02-07 23:00:00,1,485.48627279056745,228.03197185892859,25.272465600286345
2024-02-08 00:00:00,1,513.3696157035952,213.00900185072277,24.233247447020204
2024-02-08 01:00:00,2,516.0848903098007,169.93839396480365,35.68657271182364
2024-02-08 02:00:00,4,466.59547731784755,221.03895235445836,31.692764381429573
2024-02-08 03:00:00,2,549.6021174768262,180.03878745371173,25.310372117318007
2024-02-08 04:00:00,2,491.2520121652296,192.32057456095296,31.083124877023096
2024-02-08 05:00:00,4,462.2127420253578,205.0040041250339,24.871236581798613
2024-02-08 06:00:00,4,526.8254921785202,239.9133497956793,35.50410699211302
2024-02-08 07:00:00,4,455.0766009104481,262.1983711201072,35.306854824365665
2024-02-08 08:00:00,1,501.4090578684564,212.13446118272367,32.66003099410972
2024-02-08 09:00:00,3,499.5440501677898,196.33606762559225,31.808305306235084
2024-02-08 10:00:00,1,554.294778291579,210.690112969611,38.80594062433687
2024-02-08 11:00:00,3,523.7349116439976,217.75310851747673,29.998431636941127
2024-02-08 12:00:00,1,498.7486520627428,193.58664748885616,24.090629372895993
2024-02-08 13:00:00,3,540.8883149600143,235.90422711824644,32.24736956416153
2024-02-08 14:00:00,1,569.5103774508657,204.60141518382804,40.43023524768557
2024-02-08 15:00:00,4,527.8905153175931,209.95486178182787,24.92620253407074
2024-02-08 16:00:00,2,500.517630992169,213.31848504108922,28.19268616653007
2024-02-08 17:00:00,1,434.408188382492,208.43173221228912,32.08223019050726
2024-02-08 18:00:00,3,446.74431684623136,216.77881000939226,29.730475754971305
2024-02-08 19:00:00,4,484.7387647822666,187.65493626906152,25.088482098113428
2024-02-08 20:00:00,1,469.52438989203586,188.8339649210794,35.60928928115236
2024-02-08 21:00:00,1,490.6514348507277,177.9969153405661,41.6002036100863
2024-02-08 22:00:00,4,502.83249624485535,208.79002461240452,30.980657295119535
2024-02-08 23:00:00,1,526.4846377178366,215.57873007024227,25.47965855132
2024-02-09 00:00:00,2,496.47506109704545,209.15545732303772,22.255197374732624
2024-02-09 01:00:00,1,524.3250821913101,233.48984866695076,31.289879906105906
2024-02-09 02:00:00,2,503.223720740506,199.88807962341906,35.51938671658129
2024-02-09 03:00:00,2,401.22667168230646,213.37483311185025,32.37583873247691
2024-02-09 04:00:00,4,453.0332303090623,178.1659824772137,29.98798079540573
2024-02-09 05:00:00,1,492.7956222139192,192.25800595051197,27.053641741053468
2024-02-09 06:00:00,4,439.5152628579446,213.91075515131556,24.53918183640955
2024-02-09 07:00:00,1,529.9964364998102,216.98204221486287,34.173756631624414
2024-02-09 08:00:00,1,576.5375416171848,194.12066104671635,34.56885810692793
2024-02-09 09:00:00,3,560.9380925848658,198.56801496283867,22.271351066546334
2024-02-09 10:00:00,1,489.3278564534896,169.64252506638383,37.94919489090342
2024-02-09 11:00:00,4,574.5363068424977,192.85941598386782,32.870356104470005
2024-02-09 12:00:00,2,507.4333728601056,217.80766327039572,36.99797322572897
2024-02-09 13:00:00,1,483.14570144409805,211.50410032213134,23.289361257574424
2024-02-09 14:00:00,3,469.329866822953,210.01331442762418,23.170879222922807
2024-02-09 15:00:00,4,484.87651567559357,200.99547374361921,29.255153451163515
2024-02-09 16:00:00,1,480.5911590729386,200.14126317256353,32.51392213447597
2024-02-09 17:00:00,4,508.52081111877436,186.79357721053105,38.98180411463482
2024-02-09 18:00:00,3,508.0286990524932,213.97656840405068,33.53039456907566
2024-02-09 19:00:00,3,500.1523010076707,208.41945888778778,28.786593615939832
2024-02-09 20:00:00,4,521.8469084873175,209.84037695985597,24.86815396167054
2024-02-09 21:00:00,1,559.532313739317,189.4793031466484,36.15000286359575
2024-02-09 22:00:00,2,547.4777067720662,156.93314160257512,25.176472871246425
2024-02-09 23:00:00,3,425.75510157750483,221.9430542350739,38.14234277386161
2024-02-10 00:00:00,1,372.30394325490226,190.42325087983193,28.578076751967455
2024-02-10 01:00:00,1,546.7159955619637,182.74448471913757,37.95291036308925
2024-02-10 02:00:00,2,431.65606507922894,213.86957823827987,33.394656450296395
2024-02-10 03:00:00,3,488.7617299053658,192.15974720161742,29.31502255278771
2024-02-10 04:00:00,3,441.494348697032,221.19872768093245,27.403018140869367
2024-02-10 05:00:00,1,409.900978120999,212.34011899153396,28.2954606132696
2024-02-10 06:00:00,1,527.0731364102394,213.67138646400954,32.14158346187619
2024-02-10 07:00:00,2,537.9577580151323,172.6808857759893,30.385782481088583
2024-02-10 08:00:00,2,471.174479963664,224.23887970772802,27.030942959656475
2024-02-10 09:00:00,3,370.44788539275453,205.2250106246771,29.17184294841184
2024-02-10 10:00:00,4,472.6877775873759,192.61445721507593,30.39288514859575
2024-02-10 11:00:00,3,519.5902002701273,202.86776934684502,19.35632952792594
2024-02-10 12:00:00,1,426.05442156129357,164.4752953420336,32.29084057394349
2024-02-10 13:00:00,3,509.1679959889578,208.17305622961342,25.101393876415965
2024-02-10 14:00:00,4,499.23450754135024,179.41256983635856,24.233337983971275
2024-02-10 15:00:00,2,528.9645749800544,172.94659428312931,21.56327826444645
2024-02-10 16:00:00,4,505.9790184207077,169.5528162756422,21.03053751066055
2024-02-10 17:00:00,4,451.3465529559222,222.2537674997985,23.222762484438555
2024-02-10 18:00:00,4,559.8285750832246,187.41473212614423,26.45489521184755
2024-02-10 19:00:00,2,492.0735213486515,230.67455419833,39.76629568763284
2024-02-10 20:00:00,4,498.63477302450343,189.28397073895405,27.37060162052398
2024-02-10 21:00:00,4,453.3366020463402,165.85284084814106,30.888750531340158
2024-02-10 22:00:00,4,477.8358874404245,177.6695112010268,32.00240693253164
2024-02-10 23:00:00,1,455.759864298655,224.71623240013878,30.655325931079243
2024-02-11 00:00:00,4,491.35269700382884,196.88203644126665,29.612782696370033
2024-02-11 01:00:00,2,585.5854240071171,189.03425407018798,24.023531182003776
2024-02-11 02:00:00,4,431.4049428534322,203.20036451705576,37.25463774139606
2024-02-11 03:00:00,4,419.32193010616294,210.0356547233509,39.03598321818943
2024-02-11 04:00:00,2,573.5585163746804,222.3479763180492,21.58670652938657
2024-02-11 05:00:00,4,489.5338161424067,228.9699845978585,24.8798570455681
2024-02-11 06:00:00,2,466.54636306700417,192.80462708421828,28.60094828811497
2024-02-11 07:00:00,4,551.9952343698038,173.47904627835925,25.177311025449043
2024-02-11 08:00:00,2,469.7192230131568,191.7306967775345,32.52982776727933
2024-02-11 09:00:00,4,591.3004856773468,205.20561013165772,26.358638987966934
2024-02-11 10:00:00,4,533.8962935669634,180.7248214757878,40.825280339033014
2024-02-11 11:00:00,1,475.60442959271484,180.85698170209915,35.95274297171798
2024-02-11 12:00:00,1,607.8654106632752,206.8757576309977,31.062870153161075
2024-02-11 13:00:00,4,469.7142538498331,199.026952968591,35.13493131659866
2024-02-11 14:00:00,4,537.1047686004654,200.65593990823174,35.52950212178654
2024-02-11 15:00:00,3,514.9646290203247,184.83009330599862,27.180262559708783
